component_type,quality_state,route_class,processing_time_h,operation_cost_rmb,energy_kwh,water_m3,pollutant_kg,carbon_kg,quality_gain,residual_life_gain_h,resource_h__assembly,resource_h__cleaning,resource_h__drying,resource_h__grinding,resource_h__heat_treatment,resource_h__incoming_inspection,resource_h__inspection,resource_h__laser,resource_h__machining,resource_h__procurement,resource_h__quality_monitoring,resource_h__reliability_assessment,resource_h__scrap_handling,resource_h__testing,resource_h__waste_treatment
ball_screw,A,replace,4.0722000000000005,73330.04999999999,6.920120000000001,0.000838,0.013856,4.61413,0.42366000000000004,9606.3,1.8104,0.0,0.0,0.0,0.0,0.5469,0.0,0.0,0.0,0.5724,0.3047,0.0,0.0,0.8378,0.0
ball_screw,A,reuse,6.149,2006.35,12.309339999999999,0.022192999999999997,0.03304,8.25726,0.0122,193.135,2.3643,0.6074,0.2512,0.0,0.0,0.0,0.6118,0.0,0.0,0.0,0.3381,0.896,0.0,1.0802,0.0
ball_screw,B,repair,46.3393,18033.12,274.89786,0.20760399999999998,1.081373,184.11576,0.20116,2816.8559999999998,5.2709,2.2138,0.0,10.2498,0.0,0.0,2.2781000000000002,0.0,20.6679,0.0,1.4895,1.8759000000000001,0.0,2.2934,0.0
ball_screw,B,replace,4.1572,73362.47,7.09505,0.000863,0.014204999999999999,4.730230000000001,0.47834,9606.3,1.8485,0.0,0.0,0.0,0.0,0.5503,0.0,0.0,0.0,0.574,0.3212,0.0,0.0,0.8632,0.0
ball_screw,B,reuse,4.0132,1277.0900000000001,8.329600000000001,0.024389,0.026613,5.6143,0.02595,193.135,1.3586,0.6428,0.2555,0.0,0.0,0.0,0.3986,0.0,0.0,0.0,0.2087,0.5303,0.0,0.6187,0.0
ball_screw,C,repair,47.1227,18372.32,283.45089,0.233433,1.196223,185.06163,0.2603,2816.8559999999998,5.410299999999999,2.3704,0.0,10.2498,0.0,0.0,2.4609,0.0,20.6679,0.0,1.5874000000000001,1.9961000000000002,0.0,2.3799,0.0
ball_screw,C,replace,4.2663,73404.19000000002,7.3199499999999995,0.000896,0.014655999999999999,4.879519999999999,0.5740000000000001,9606.3,1.8974,0.0,0.0,0.0,0.0,0.5548,0.0,0.0,0.0,0.5761,0.3423,0.0,0.0,0.8957,0.0
ball_screw,C,scrap,0.9928,281.86,1.4255499999999999,0.00311,0.025499,1.08029,0.0,0.0,0.0,0.0,0.0,0.0,0.0,0.0,0.0868,0.0,0.0,0.0,0.0,0.0,0.3809,0.0,0.5251
ball_screw,D,replace,4.3631,73441.26,7.51985,0.000925,0.015053,5.01222,0.615,9606.3,1.9408,0.0,0.0,0.0,0.0,0.5587,0.0,0.0,0.0,0.578,0.361,0.0,0.0,0.9246,0.0
ball_screw,D,scrap,1.0203,289.65,1.4666700000000001,0.003211,0.026275,1.11069,0.0,0.0,0.0,0.0,0.0,0.0,0.0,0.0,0.0925,0.0,0.0,0.0,0.0,0.0,0.3833,0.0,0.5445
base,A,replace,3.7100999999999997,28737.16,7.64756,0.000777,0.013429,4.99888,0.42366000000000004,7216.0,1.8071,0.0,0.0,0.0,0.0,0.4884,0.0,0.0,0.0,0.3635,0.2745,0.0,0.0,0.7766,0.0
base,A,reuse,6.1699,1940.1599999999999,14.55398,0.028857,0.037075,9.59149,0.01348,189.046,2.3739,0.7661,0.3057,0.0,0.0,0.0,0.5998,0.0,0.0,0.0,0.3064,0.8105,0.0,1.0075,0.0
base,B,repair,32.4472,12268.77,191.55437,0.181469,0.706447,125.82514,0.22139,2757.24,5.2466,2.7624,0.0,5.1607,0.0,0.0,2.2405,0.0,11.8398,0.0,1.3573,1.7045,0.0,2.1353999999999997,0.0
base,B,replace,3.8068999999999997,28774.1,7.88025,0.000806,0.013833999999999999,5.15044,0.47834,7216.0,1.8500999999999999,0.0,0.0,0.0,0.0,0.4923,0.0,0.0,0.0,0.365,0.2935,0.0,0.0,0.806,0.0
base,B,reuse,4.1368,1276.17,10.17363,0.032064999999999996,0.03153,6.74009,0.02861,189.046,1.3652,0.8082,0.3107,0.0,0.0,0.0,0.395,0.0,0.0,0.0,0.1917,0.4856,0.0,0.5804,0.0
base,C,laser,38.7419,18996.329999999998,385.03976,0.217459,0.873513,223.71395,0.2689,2883.8689999999997,3.9246,2.0873,0.0,3.3366,3.3055,0.0,1.6141,9.3317,10.1233,0.0,1.9040000000000001,1.5138,0.0,1.601,0.0
base,C,repair,34.7684,13212.93,211.53473,0.213672,0.842931,135.66276,0.28651,2757.24,5.4033999999999995,2.9472,0.0,5.615500000000001,0.0,0.0,2.452,0.0,12.803,0.0,1.4705,1.8414000000000001,0.0,2.2354000000000003,0.0
base,C,replace,3.9315999999999995,28821.570000000003,8.17942,0.000844,0.014355,5.345319999999999,0.5740000000000001,7216.0,1.9053999999999998,0.0,0.0,0.0,0.0,0.4975,0.0,0.0,0.0,0.367,0.318,0.0,0.0,0.8437,0.0
base,C,scrap,1.275,414.96000000000004,2.1382399999999997,0.013045999999999999,0.123231,1.58963,0.0,0.0,0.0,0.0,0.0,0.0,0.0,0.0,0.0875,0.0,0.0,0.0,0.0,0.0,0.49620000000000003,0.0,0.6913
base,D,laser,41.5933,20757.45,427.82685,0.256197,1.0285920000000002,242.30461000000003,0.18335,2883.8689999999997,4.0257,2.2037,0.0,3.5769,3.414,0.0,1.7378,10.5221,10.8004,0.0,2.0342000000000002,1.6139,0.0,1.6646,0.0
base,D,replace,4.0422,28863.78,8.44535,0.000877,0.014818,5.51854,0.615,7216.0,1.9545,0.0,0.0,0.0,0.0,0.502,0.0,0.0,0.0,0.3688,0.3397,0.0,0.0,0.8772,0.0
base,D,scrap,1.3078,426.05000000000007,2.19489,0.013427,0.12662199999999998,1.63069,0.0,0.0,0.0,0.0,0.0,0.0,0.0,0.0,0.0942,0.0,0.0,0.0,0.0,0.0,0.4991,0.0,0.7145
bed,A,replace,4.6931,132115.77,8.870840000000001,0.000897,0.015208,5.79344,0.42366000000000004,10370.334,2.0595,0.0,0.0,0.0,0.0,0.5833,0.0,0.0,0.0,0.8252,0.3284,0.0,0.0,0.8967,0.0
bed,A,reuse,6.9627,2441.91,16.2006,0.026396,0.037691999999999996,10.6619,0.013430000000000001,199.06099999999998,2.7051,0.7441,0.3073,0.0,0.0,0.0,0.6736,0.0,0.0,0.0,0.36650000000000005,1.0030999999999999,0.0,1.163,0.0
bed,B,repair,47.6445,18718.350000000002,315.70221,0.214646,1.0341230000000001,209.31059,0.22122,2903.648,5.9502,2.6545,0.0,10.104700000000001,0.0,0.0,2.4634,0.0,20.378999999999998,0.0,1.5889,2.0657,0.0,2.4381,0.0
bed,B,replace,4.7709,132145.93,9.05667,0.00092,0.015524999999999999,5.91444,0.47834,10370.334,2.0941,0.0,0.0,0.0,0.0,0.5864,0.0,0.0,0.0,0.8269,0.3435,0.0,0.0,0.92,0.0
bed,B,reuse,4.5423,1531.4,10.994110000000001,0.028589,0.030327000000000003,7.2717,0.02861,199.06099999999998,1.5457,0.7763,0.3113,0.0,0.0,0.0,0.4341,0.0,0.0,0.0,0.2243,0.5882,0.0,0.6624,0.0
bed,C,laser,49.6179,24266.65,479.12534999999997,0.233095,1.075796,286.72371,0.26864,3036.929,4.4165,1.9806,0.0,6.0052,3.3492,0.0,1.7323,10.2491,16.117,0.0,2.174,1.7907,0.0,1.8033,0.0
bed,C,repair,48.3613,19031.269999999997,323.74208999999996,0.239324,1.1393769999999999,210.2923,0.28628,2903.648,6.0769,2.7959,0.0,10.104700000000001,0.0,0.0,2.6311,0.0,20.378999999999998,0.0,1.6785999999999999,2.1778,0.0,2.5173,0.0
bed,C,replace,4.8711,132184.68,9.295580000000001,0.00095,0.015935,6.07001,0.5740000000000001,10370.334,2.1386,0.0,0.0,0.0,0.0,0.5905,0.0,0.0,0.0,0.8292,0.3629,0.0,0.0,0.9499,0.0
bed,C,scrap,1.2526,445.95000000000005,2.08767,0.012551999999999999,0.118996,1.55366,0.0,0.0,0.0,0.0,0.0,0.0,0.0,0.0,0.0938,0.0,0.0,0.0,0.0,0.0,0.4991,0.0,0.6597
bed,D,laser,51.138000000000005,25346.37,507.26266,0.26219400000000004,1.189299,296.89221000000003,0.18322,3036.929,4.4984,2.0696,0.0,6.0052,3.4353,0.0,1.8305,11.1783,16.117,0.0,2.2773,1.8726,0.0,1.8538,0.0
bed,D,replace,4.9603,132219.12,9.50796,0.000977,0.016299,6.208310000000001,0.615,10370.334,2.1783,0.0,0.0,0.0,0.0,0.5941,0.0,0.0,0.0,0.8312,0.3802,0.0,0.0,0.9765,0.0
bed,D,scrap,1.2778999999999998,455.57,2.13131,0.012844000000000001,0.12159299999999999,1.58529,0.0,0.0,0.0,0.0,0.0,0.0,0.0,0.0,0.0992,0.0,0.0,0.0,0.0,0.0,0.5013,0.0,0.6774
boring_spindle,A,replace,4.9878,164696.35,9.284320000000001,0.000934,0.016075,6.06142,0.42366000000000004,9741.6,2.1564,0.0,0.0,0.0,0.0,0.608,0.0,0.0,0.0,0.9426,0.3464,0.0,0.0,0.9344,0.0
boring_spindle,A,reuse,7.2993,2642.73,16.92035,0.027955,0.040182,11.13092,0.013000000000000001,204.375,2.8468,0.7643,0.3064,0.0,0.0,0.0,0.7018,0.0,0.0,0.0,0.3885,1.0735999999999999,0.0,1.2179,0.0
boring_spindle,B,repair,47.242399999999996,18701.43,307.49509,0.211053,0.9974449999999999,203.97455999999997,0.21445,2980.8,6.216200000000001,2.7072000000000003,0.0,9.255099999999999,0.0,0.0,2.5399000000000003,0.0,20.1385,0.0,1.6662,2.1888,0.0,2.5305,0.0
boring_spindle,B,replace,5.0642,164726.19,9.465779999999999,0.000957,0.016390000000000002,6.179589999999999,0.47834,9741.6,2.1905,0.0,0.0,0.0,0.0,0.6111,0.0,0.0,0.0,0.9444,0.3611,0.0,0.0,0.9571,0.0
boring_spindle,B,reuse,4.7362,1641.39,11.413969999999999,0.030174000000000003,0.032256,7.54582,0.027729999999999998,204.375,1.6236000000000002,0.7966,0.3102,0.0,0.0,0.0,0.4503,0.0,0.0,0.0,0.2366,0.6271,0.0,0.6918,0.0
boring_spindle,C,laser,49.7722,24583.02,477.26422,0.23047,1.055279,285.64304,0.26044,3117.694,4.5951,2.0113,0.0,5.8023,3.3333,0.0,1.7738,10.3685,15.8769,0.0,2.2638000000000003,1.8851,0.0,1.8621,0.0
boring_spindle,C,repair,48.4825,19235.59,319.80847,0.239014,1.119303,207.95241,0.27749,2980.8,6.3405000000000005,2.8481,0.0,9.7924,0.0,0.0,2.7026,0.0,20.1385,0.0,1.7532,2.2998000000000003,0.0,2.6074,0.0
boring_spindle,C,replace,5.1623,164764.54,9.699110000000001,0.000986,0.016793,6.3315,0.5740000000000001,9741.6,2.2343,0.0,0.0,0.0,0.0,0.6151,0.0,0.0,0.0,0.9467,0.38,0.0,0.0,0.9862,0.0
boring_spindle,C,scrap,1.2724,377.37,2.1234399999999996,0.008728,0.071673,1.57935,0.0,0.0,0.0,0.0,0.0,0.0,0.0,0.0,0.0973,0.0,0.0,0.0,0.0,0.0,0.4987,0.0,0.6764
boring_spindle,D,laser,51.339800000000004,25675.199999999997,505.18763,0.259579,1.170209,295.92937,0.17756,3117.694,4.6752,2.0998,0.0,5.9158,3.4165,0.0,1.8687,11.2461,15.8769,0.0,2.3638000000000003,1.966,0.0,1.911,0.0
boring_spindle,D,replace,5.2494,164798.62999999998,9.90651,0.001012,0.017151,6.46653,0.615,9741.6,2.2732,0.0,0.0,0.0,0.0,0.6186,0.0,0.0,0.0,0.9488,0.3968,0.0,0.0,1.012,0.0
boring_spindle,D,scrap,1.2974999999999999,384.97,2.1671,0.008929,0.073219,1.61102,0.0,0.0,0.0,0.0,0.0,0.0,0.0,0.0,0.1025,0.0,0.0,0.0,0.0,0.0,0.5009,0.0,0.6940999999999999
carriage,A,replace,3.737,33501.93,7.65634,0.000775,0.013379,5.00427,0.42366000000000004,7232.4,1.8125,0.0,0.0,0.0,0.0,0.4915,0.0,0.0,0.0,0.3851,0.2731,0.0,0.0,0.7748,0.0
carriage,A,reuse,6.1442000000000005,1946.9299999999998,14.50609,0.027295999999999997,0.035967,9.55812,0.01268,180.53,2.3970000000000002,0.7482,0.3023,0.0,0.0,0.0,0.5938,0.0,0.0,0.0,0.307,0.7839,0.0,1.012,0.0
carriage,B,repair,32.6918,12467.95,194.59613,0.164449,0.632958,129.06492,0.20840999999999998,2633.04,5.2195,2.646,0.0,5.3628,0.0,0.0,2.1618,0.0,12.259699999999999,0.0,1.3264,1.6094,0.0,2.1062,0.0
carriage,B,replace,3.8113,33530.659999999996,7.83501,0.000797,0.013687999999999999,5.12064,0.47834,7232.4,1.8454,0.0,0.0,0.0,0.0,0.4945,0.0,0.0,0.0,0.3864,0.2877,0.0,0.0,0.7973,0.0
carriage,B,reuse,4.0682,1264.8999999999999,10.01706,0.029577000000000003,0.029738,6.63489,0.0269,180.53,1.3691,0.7805,0.3061,0.0,0.0,0.0,0.3842,0.0,0.0,0.0,0.1889,0.4622,0.0,0.5772,0.0
carriage,C,repair,34.5365,13223.529999999999,210.55768,0.18837500000000001,0.7354109999999999,137.0284,0.26972,2633.04,5.339700000000001,2.787,0.0,5.734,0.0,0.0,2.3235,0.0,13.046199999999999,0.0,1.4128,1.7107999999999999,0.0,2.1825,0.0
carriage,C,replace,3.9072,33567.649999999994,8.06471,0.000826,0.014086000000000001,5.270250000000001,0.5740000000000001,7232.4,1.888,0.0,0.0,0.0,0.0,0.4985,0.0,0.0,0.0,0.3879,0.3065,0.0,0.0,0.8263,0.0
carriage,C,scrap,1.2485,360.52,2.09135,0.005986999999999999,0.049249999999999995,1.5555400000000001,0.0,0.0,0.0,0.0,0.0,0.0,0.0,0.0,0.084,0.0,0.0,0.0,0.0,0.0,0.4928,0.0,0.6717
carriage,D,replace,3.9923,33600.520000000004,8.26888,0.000852,0.014440000000000001,5.40322,0.615,7232.4,1.9258,0.0,0.0,0.0,0.0,0.502,0.0,0.0,0.0,0.3893,0.3232,0.0,0.0,0.852,0.0
carriage,D,scrap,1.2738,367.85,2.13511,0.006124999999999999,0.050325,1.5872600000000001,0.0,0.0,0.0,0.0,0.0,0.0,0.0,0.0,0.0892,0.0,0.0,0.0,0.0,0.0,0.495,0.0,0.6896
chuck,A,replace,3.2398,25622.800000000003,5.5253,0.000712,0.011559,3.71024,0.42366000000000004,7984.75,1.4874999999999998,0.0,0.0,0.0,0.0,0.4656,0.0,0.0,0.0,0.3247,0.2495,0.0,0.0,0.7125,0.0
chuck,A,reuse,5.1932,1641.7199999999998,10.07879,0.020224,0.028721,6.80836,0.012549999999999999,180.53,1.9574,0.5541,0.2323,0.0,0.0,0.0,0.5248999999999999,0.0,0.0,0.0,0.2789,0.7198,0.0,0.9258,0.0
chuck,B,repair,36.609300000000005,14251.609999999999,204.72326999999999,0.169444,0.8355739999999999,137.61277,0.20659,2633.04,4.3237,2.0111,0.0,7.5271,0.0,0.0,1.9534,0.0,16.1091,0.0,1.228,1.504,0.0,1.9528999999999999,0.0
chuck,B,replace,3.323,25654.829999999998,5.6907700000000006,0.000738,0.011903,3.8207500000000003,0.47834,7984.75,1.5246,0.0,0.0,0.0,0.0,0.469,0.0,0.0,0.0,0.326,0.2658,0.0,0.0,0.7376,0.0
chuck,B,reuse,3.4331,1065.71,6.91678,0.022386,0.023584,4.69529,0.02669,180.53,1.1268,0.5896,0.2366,0.0,0.0,0.0,0.3451,0.0,0.0,0.0,0.1738,0.4293,0.0,0.5319,0.0
chuck,C,repair,39.6154,15511.300000000001,229.22926999999999,0.201316,1.004504,150.0261,0.26732,2633.04,4.4589,2.1668,0.0,8.2451,0.0,0.0,2.1342,0.0,17.6297,0.0,1.3249,1.6174,0.0,2.0384,0.0
chuck,C,replace,3.4299999999999997,25696.02,5.90352,0.00077,0.012346,3.96283,0.5740000000000001,7984.75,1.5722999999999998,0.0,0.0,0.0,0.0,0.4734,0.0,0.0,0.0,0.3277,0.2867,0.0,0.0,0.7699,0.0
chuck,C,scrap,0.9072,257.55,1.2524899999999999,0.002623,0.021511000000000002,0.95451,0.0,0.0,0.0,0.0,0.0,0.0,0.0,0.0,0.0764,0.0,0.0,0.0,0.0,0.0,0.3469,0.0,0.4839
chuck,D,replace,3.525,25732.6,6.09264,0.000799,0.01274,4.08911,0.615,7984.75,1.6145999999999998,0.0,0.0,0.0,0.0,0.4773,0.0,0.0,0.0,0.3292,0.3053,0.0,0.0,0.7986,0.0
chuck,D,scrap,0.935,265.37,1.2922500000000001,0.002718,0.022233,0.9840599999999999,0.0,0.0,0.0,0.0,0.0,0.0,0.0,0.0,0.0822,0.0,0.0,0.0,0.0,0.0,0.34940000000000004,0.0,0.5034000000000001
cnc_controller,A,replace,3.6731,90933.15999999999,5.99662,0.000793,0.011956999999999999,4.01318,0.42366000000000004,8038.46,1.4323000000000001,0.0,0.0,0.0,0.0,0.5281,0.0,0.0,0.0,0.6345,0.2855,0.0,0.0,0.7927,0.0
cnc_controller,A,reuse,3.4873,1142.21,7.2406,0.020427999999999998,0.022321999999999998,4.89675,0.01103,193.815,1.0522,0.5831,0.2451,0.0,0.0,0.0,0.3548,0.0,0.0,0.0,0.1864,0.4947,0.0,0.571,0.0
cnc_controller,B,repair,10.8284,3971.98,45.60412,0.053519,0.171924,30.64137,0.08222,1347.392,1.8904,1.0231,0.0,1.1358,0.0,0.0,1.2086999999999999,0.0,3.0766,0.0,0.5797,0.8947,0.0,1.0194,0.0
cnc_controller,B,replace,3.7495,90962.98,6.15413,0.000817,0.012271,4.11803,0.47834,8038.46,1.4634999999999998,0.0,0.0,0.0,0.0,0.5314,0.0,0.0,0.0,0.6361,0.3013,0.0,0.0,0.8172,0.0
cnc_controller,B,reuse,3.6262999999999996,1183.28,7.50845,0.022942999999999998,0.024197,5.07874,0.0235,193.815,1.0751,0.6171,0.2492,0.0,0.0,0.0,0.379,0.0,0.0,0.0,0.1968,0.5205,0.0,0.5886,0.0
cnc_controller,C,repair,11.5321,4238.23,49.99237,0.062268,0.20175200000000001,32.89467,0.10640000000000001,1347.392,1.9423,1.0955,0.0,1.2296,0.0,0.0,1.3077999999999999,0.0,3.3274,0.0,0.619,0.9519,0.0,1.0586,0.0
cnc_controller,C,replace,3.8481,91001.27999999998,6.3566400000000005,0.000849,0.012674,4.25286,0.5740000000000001,8038.46,1.5038,0.0,0.0,0.0,0.0,0.5357,0.0,0.0,0.0,0.6383,0.3217,0.0,0.0,0.8486,0.0
cnc_controller,C,scrap,0.9637,273.79999999999995,1.3691200000000001,0.002914,0.023754,1.0393,0.0,0.0,0.0,0.0,0.0,0.0,0.0,0.0,0.083,0.0,0.0,0.0,0.0,0.0,0.3726,0.0,0.5081
cnc_controller,D,replace,3.9356,91035.37,6.536670000000001,0.000877,0.013034,4.37269,0.615,8038.46,1.5394999999999999,0.0,0.0,0.0,0.0,0.5395,0.0,0.0,0.0,0.6402,0.3398,0.0,0.0,0.8766,0.0
cnc_controller,D,scrap,0.9903000000000001,281.33,1.4084699999999999,0.003007,0.024475,1.06842,0.0,0.0,0.0,0.0,0.0,0.0,0.0,0.0,0.0886,0.0,0.0,0.0,0.0,0.0,0.375,0.0,0.5267000000000001
column,A,replace,4.5654,116521.65000000002,8.71855,0.000881,0.014929,5.69458,0.42366000000000004,10495.112,2.0295,0.0,0.0,0.0,0.0,0.5719,0.0,0.0,0.0,0.7615,0.3213,0.0,0.0,0.8812,0.0
column,A,reuse,6.844799999999999,2354.28,15.95573,0.025889,0.036955,10.50187,0.01329,196.067,2.6696999999999997,0.7363,0.3063,0.0,0.0,0.0,0.663,0.0,0.0,0.0,0.3591,0.9659,0.0,1.1444999999999999,0.0
column,B,repair,47.19499999999999,18509.7,313.61608,0.20966100000000001,1.008424,208.18878999999998,0.21882000000000001,2859.3779999999997,5.8567,2.6186,0.0,10.0679,0.0,0.0,2.4169,0.0,20.305799999999998,0.0,1.5523,1.9838,0.0,2.393,0.0
column,B,replace,4.6405,116550.66000000002,8.89758,0.000904,0.015233,5.81116,0.47834,10495.112,2.0628,0.0,0.0,0.0,0.0,0.5749,0.0,0.0,0.0,0.7632,0.3359,0.0,0.0,0.9037,0.0
column,B,reuse,4.4652,1482.19,10.82969,0.027965,0.029665999999999998,7.16383,0.02826,196.067,1.5244,0.7672,0.3101,0.0,0.0,0.0,0.4267,0.0,0.0,0.0,0.2195,0.5659,0.0,0.6514,0.0
column,C,laser,48.7388,23717.32,468.48328000000004,0.224169,1.0372700000000001,281.30827,0.26571,2990.687,4.341,1.9492,0.0,5.9779,3.3145,0.0,1.696,9.8119,16.0437,0.0,2.1204,1.7169,0.0,1.7673,0.0
column,C,repair,47.8832,18810.24,321.35529999999994,0.23327599999999998,1.109484,209.13133,0.28315999999999997,2859.3779999999997,5.9786,2.7541,0.0,10.0679,0.0,0.0,2.5785,0.0,20.305799999999998,0.0,1.6388,2.0901,0.0,2.4694000000000003,0.0
column,C,replace,4.737,116587.93000000001,9.12773,0.000932,0.015628,5.96105,0.5740000000000001,10495.112,2.1058,0.0,0.0,0.0,0.0,0.5788,0.0,0.0,0.0,0.7653,0.3546,0.0,0.0,0.9325,0.0
column,C,scrap,1.2435,421.67999999999995,2.07193,0.012447,0.118049,1.5422000000000002,0.0,0.0,0.0,0.0,0.0,0.0,0.0,0.0,0.0922,0.0,0.0,0.0,0.0,0.0,0.4979,0.0,0.6534
column,D,laser,50.1895,24739.68,495.19232,0.251535,1.144426,290.9979,0.18118,2990.687,4.4196,2.0344,0.0,5.9779,3.3973,0.0,1.7905,10.6959,16.0437,0.0,2.2198,1.7945,0.0,1.8159,0.0
column,D,replace,4.8225999999999996,116621.1,9.33234,0.000958,0.015978,6.09428,0.615,10495.112,2.1439,0.0,0.0,0.0,0.0,0.5823,0.0,0.0,0.0,0.7671,0.3712,0.0,0.0,0.9581,0.0
column,D,scrap,1.2679,430.4,2.1139,0.012726999999999999,0.12054599999999999,1.57266,0.0,0.0,0.0,0.0,0.0,0.0,0.0,0.0,0.0974,0.0,0.0,0.0,0.0,0.0,0.5001,0.0,0.6704
control_system,A,replace,3.8132,101106.15999999999,6.88297,0.0008,0.012505,4.53762,0.42366000000000004,7576.8,1.5273,0.0,0.0,0.0,0.0,0.5265,0.0,0.0,0.0,0.6717,0.2878,0.0,0.0,0.7999,0.0
control_system,A,reuse,3.7357,1232.2,8.70818,0.024657,0.025699999999999997,5.81074,0.01098,190.75,1.1339,0.6882,0.28,0.0,0.0,0.0,0.3687,0.0,0.0,0.0,0.19,0.4924,0.0,0.5825,0.0
control_system,B,repair,13.9837,5332.039999999999,76.3412,0.069022,0.257068,50.89484,0.08162,1326.08,1.9994,1.1759,0.0,1.8591,0.0,0.0,1.228,0.0,5.2483,0.0,0.5789,0.8729,0.0,1.0212,0.0
control_system,B,replace,3.8827,101133.58,7.04166,0.000822,0.012793,4.64179,0.47834,7576.8,1.5554999999999999,0.0,0.0,0.0,0.0,0.5296,0.0,0.0,0.0,0.6732,0.3022,0.0,0.0,0.8222,0.0
control_system,B,reuse,3.8632999999999997,1270.26,8.9826,0.02725,0.027615,5.99458,0.02329,190.75,1.1547999999999998,0.7201,0.2838,0.0,0.0,0.0,0.3909,0.0,0.0,0.0,0.1995,0.5156,0.0,0.5986,0.0
control_system,C,repair,14.7874,5654.71,82.75945,0.07915900000000001,0.298857,54.10076,0.10558000000000001,1326.08,2.0461,1.2429,0.0,1.9893,0.0,0.0,1.3178,0.0,5.5968,0.0,0.6144,0.9234,0.0,1.0567,0.0
control_system,C,replace,3.9717000000000002,101168.85,7.24568,0.000851,0.013163,4.77571,0.5740000000000001,7576.8,1.5917000000000001,0.0,0.0,0.0,0.0,0.5334,0.0,0.0,0.0,0.6752,0.3207,0.0,0.0,0.8507,0.0
control_system,C,scrap,1.1509,330.46000000000004,1.82473,0.004586,0.037718,1.36599,0.0,0.0,0.0,0.0,0.0,0.0,0.0,0.0,0.0857,0.0,0.0,0.0,0.0,0.0,0.4506,0.0,0.6146
control_system,D,replace,4.0512,101200.21,7.42704,0.000876,0.013491,4.89476,0.615,7576.8,1.624,0.0,0.0,0.0,0.0,0.5369,0.0,0.0,0.0,0.677,0.3372,0.0,0.0,0.8761,0.0
control_system,D,scrap,1.176,337.69,1.86597,0.0047020000000000005,0.038612,1.39609,0.0,0.0,0.0,0.0,0.0,0.0,0.0,0.0,0.0909,0.0,0.0,0.0,0.0,0.0,0.4528,0.0,0.6323
coolant_lubrication_system,A,replace,2.8674,34626.0,4.98371,0.00066,0.009862,3.33364,0.42366000000000004,8472.24,1.1755,0.0,0.0,0.0,0.0,0.4395,0.0,0.0,0.0,0.3666,0.2259,0.0,0.0,0.6599,0.0
coolant_lubrication_system,A,reuse,2.9894,933.73,6.42535,0.019998000000000002,0.020455,4.34732,0.01159,170.311,0.8704,0.5723,0.2435,0.0,0.0,0.0,0.3023,0.0,0.0,0.0,0.1489,0.3723,0.0,0.4797,0.0
coolant_lubrication_system,B,repair,11.3877,4254.16,57.33336,0.057672,0.215971,38.49715,0.08600000000000001,1184.0,1.5463,0.9908,0.0,1.5168,0.0,0.0,1.0257,0.0,4.3259,0.0,0.4623,0.6705,0.0,0.8494,0.0
coolant_lubrication_system,B,replace,2.9397,34653.86,5.13536,0.000683,0.010162,3.43446,0.47834,8472.24,1.2046000000000001,0.0,0.0,0.0,0.0,0.4427,0.0,0.0,0.0,0.3679,0.2411,0.0,0.0,0.6834,0.0
coolant_lubrication_system,B,reuse,3.1214,972.66,6.68443,0.022434000000000003,0.022264,4.52317,0.02459,170.311,0.8920999999999999,0.6053,0.2475,0.0,0.0,0.0,0.3257,0.0,0.0,0.0,0.1589,0.3951,0.0,0.4968,0.0
coolant_lubrication_system,C,repair,12.2741,4603.25,63.752430000000004,0.067537,0.257347,41.84596,0.11132,1184.0,1.5945,1.0603,0.0,1.6661,0.0,0.0,1.1206,0.0,4.7255,0.0,0.4999,0.7202,0.0,0.887,0.0
coolant_lubrication_system,C,replace,3.0328,34689.73,5.33033,0.000714,0.010547,3.56409,0.5740000000000001,8472.24,1.2421,0.0,0.0,0.0,0.0,0.4468,0.0,0.0,0.0,0.3696,0.2607,0.0,0.0,0.7136,0.0
coolant_lubrication_system,C,scrap,0.9594,272.55,1.38413,0.003013,0.024568999999999997,1.04922,0.0,0.0,0.0,0.0,0.0,0.0,0.0,0.0,0.0726,0.0,0.0,0.0,0.0,0.0,0.3761,0.0,0.5107
coolant_lubrication_system,D,replace,3.1157000000000004,34721.6,5.50365,0.000741,0.01089,3.67931,0.615,8472.24,1.2755,0.0,0.0,0.0,0.0,0.4504,0.0,0.0,0.0,0.3711,0.2782,0.0,0.0,0.7405,0.0
coolant_lubrication_system,D,scrap,0.9857,279.91999999999996,1.42306,0.003108,0.025294999999999998,1.07801,0.0,0.0,0.0,0.0,0.0,0.0,0.0,0.0,0.0781,0.0,0.0,0.0,0.0,0.0,0.3785,0.0,0.5291
coolant_system,A,replace,2.5096000000000003,13426.419999999998,4.2618100000000005,0.00061,0.009039,2.8779500000000002,0.42366000000000004,6555.9,1.0495,0.0,0.0,0.0,0.0,0.4056,0.0,0.0,0.0,0.2395,0.2046,0.0,0.0,0.6104,0.0
coolant_system,A,reuse,2.7165,839.61,5.51872,0.018945,0.019208,3.7671099999999997,0.01159,168.61,0.7763,0.5269,0.2227,0.0,0.0,0.0,0.2778,0.0,0.0,0.0,0.1347,0.3349,0.0,0.4432,0.0
coolant_system,B,repair,10.9728,4113.129999999999,53.80466,0.057193,0.223613,36.24501,0.08634,1172.16,1.3874,0.9223,0.0,1.5447,0.0,0.0,0.9547,0.0,4.3398,0.0,0.4236,0.6101,0.0,0.7902,0.0
coolant_system,B,replace,2.5866,13455.970000000001,4.413819999999999,0.000635,0.009359,2.97988,0.47834,6555.9,1.0805,0.0,0.0,0.0,0.0,0.409,0.0,0.0,0.0,0.2407,0.2209,0.0,0.0,0.6355,0.0
coolant_system,B,reuse,2.8574,881.08,5.77971,0.021495,0.021123000000000003,3.94577,0.02467,168.61,0.7993,0.5626,0.227,0.0,0.0,0.0,0.3027,0.0,0.0,0.0,0.1454,0.359,0.0,0.4614,0.0
coolant_system,C,repair,12.0059,4522.15,61.069449999999996,0.068122,0.272013,40.086400000000005,0.11182,1172.16,1.4386,0.9977,0.0,1.7277,0.0,0.0,1.0558,0.0,4.8296,0.0,0.4636,0.6627,0.0,0.8302,0.0
coolant_system,C,replace,2.6855,13493.960000000001,4.60926,0.000668,0.009772,3.11092,0.5740000000000001,6555.9,1.1204,0.0,0.0,0.0,0.0,0.4134,0.0,0.0,0.0,0.2422,0.2418,0.0,0.0,0.6677,0.0
coolant_system,C,scrap,0.8689,246.60000000000002,1.1829399999999999,0.002463,0.02023,0.9036,0.0,0.0,0.0,0.0,0.0,0.0,0.0,0.0,0.0682,0.0,0.0,0.0,0.0,0.0,0.3327,0.0,0.46799999999999997
coolant_system,D,replace,2.7734,13527.749999999998,4.78298,0.000696,0.010138,3.2274000000000003,0.615,6555.9,1.1559,0.0,0.0,0.0,0.0,0.4173,0.0,0.0,0.0,0.2436,0.2603,0.0,0.0,0.6963,0.0
coolant_system,D,scrap,0.897,254.49,1.22252,0.0025549999999999995,0.020938,0.93309,0.0,0.0,0.0,0.0,0.0,0.0,0.0,0.0,0.0741,0.0,0.0,0.0,0.0,0.0,0.3352,0.0,0.4877
drill_head,A,replace,3.9005,28726.800000000003,8.06631,0.000816,0.014152999999999999,5.27163,0.42366000000000004,6949.5,1.9144999999999999,0.0,0.0,0.0,0.0,0.5087,0.0,0.0,0.0,0.3698,0.2917,0.0,0.0,0.8158,0.0
drill_head,A,reuse,6.4375,2018.03,15.13411,0.029256,0.038196999999999995,9.96982,0.012599999999999998,192.454,2.4996,0.7751,0.3088,0.0,0.0,0.0,0.6255,0.0,0.0,0.0,0.3236,0.8532,0.0,1.0517,0.0
drill_head,B,repair,33.9244,12789.519999999999,199.67337,0.190102,0.755649,130.88692,0.2072,2806.92,5.5809999999999995,2.8221,0.0,5.4122,0.0,0.0,2.359,0.0,12.2416,0.0,1.4462,1.8122,0.0,2.2500999999999998,0.0
drill_head,B,replace,4.0035,28766.160000000003,8.3138,0.000847,0.014585,5.4328199999999995,0.47834,6949.5,1.9605000000000001,0.0,0.0,0.0,0.0,0.5129,0.0,0.0,0.0,0.3714,0.3118,0.0,0.0,0.8469,0.0
drill_head,B,reuse,4.308,1325.72,10.54988,0.032656000000000004,0.032423,6.98623,0.026770000000000002,192.454,1.4401000000000002,0.8193,0.314,0.0,0.0,0.0,0.4128,0.0,0.0,0.0,0.2026,0.5123,0.0,0.6069,0.0
drill_head,C,repair,36.3656,13782.79,220.79745,0.22479200000000002,0.9033370000000001,141.16679,0.26812,2806.92,5.7493,3.0181,0.0,5.8862000000000005,0.0,0.0,2.5838,0.0,13.2453,0.0,1.5665,1.96,0.0,2.3564,0.0
drill_head,C,replace,4.1362000000000005,28816.74,8.63201,0.000887,0.015138,5.64006,0.5740000000000001,6949.5,2.0196,0.0,0.0,0.0,0.0,0.5184,0.0,0.0,0.0,0.3736,0.3378,0.0,0.0,0.8868,0.0
drill_head,C,scrap,1.2844,378.3399999999999,2.1526300000000003,0.008426,0.069398,1.6002100000000001,0.0,0.0,0.0,0.0,0.0,0.0,0.0,0.0,0.0911,0.0,0.0,0.0,0.0,0.0,0.4982,0.0,0.6951
drill_head,D,replace,4.254,28861.690000000006,8.91487,0.000922,0.015629999999999998,5.8242899999999995,0.615,6949.5,2.0722,0.0,0.0,0.0,0.0,0.5232,0.0,0.0,0.0,0.3754,0.3608,0.0,0.0,0.9224,0.0
drill_head,D,scrap,1.3188,388.57,2.21202,0.008683,0.071392,1.6432799999999999,0.0,0.0,0.0,0.0,0.0,0.0,0.0,0.0,0.0982,0.0,0.0,0.0,0.0,0.0,0.5012,0.0,0.7194
electrical_system,A,replace,2.4198,15140.710000000001,3.8464799999999997,0.000596,0.008588,2.62291,0.42366000000000004,6226.876,0.9769,0.0,0.0,0.0,0.0,0.4021,0.0,0.0,0.0,0.2458,0.1993,0.0,0.0,0.5957,0.0
electrical_system,A,reuse,2.5613,795.04,4.86818,0.016531,0.017249,3.35196,0.01111,172.425,0.7228,0.4684,0.2029,0.0,0.0,0.0,0.2668,0.0,0.0,0.0,0.1312,0.3365,0.0,0.4327,0.0
electrical_system,B,repair,7.6091,2749.0299999999997,28.003519999999998,0.041212,0.119214,19.02947,0.08266,1198.8000000000002,1.2936,0.8244,0.0,0.7438,0.0,0.0,0.9184000000000001,0.0,2.0321,0.0,0.4127,0.6128,0.0,0.7713,0.0
electrical_system,B,replace,2.4953000000000003,15169.88,3.98714,0.00062,0.008901,2.71806,0.47834,6226.876,1.0074,0.0,0.0,0.0,0.0,0.4054,0.0,0.0,0.0,0.247,0.2152,0.0,0.0,0.6203,0.0
electrical_system,B,reuse,2.6998,835.78,5.10928,0.018864,0.019008999999999998,3.5184699999999998,0.023629999999999998,172.425,0.7454000000000001,0.5031,0.2071,0.0,0.0,0.0,0.2913,0.0,0.0,0.0,0.1417,0.3607,0.0,0.4505,0.0
electrical_system,C,repair,8.3107,3010.8,31.77427,0.049028999999999996,0.144633,21.094749999999998,0.10700000000000001,1198.8000000000002,1.3439999999999999,0.8975,0.0,0.8383,0.0,0.0,1.0177,0.0,2.285,0.0,0.452,0.6656,0.0,0.8106,0.0
electrical_system,C,replace,2.5925000000000002,15207.42,4.16799,0.000652,0.009304,2.84042,0.5740000000000001,6226.876,1.0467,0.0,0.0,0.0,0.0,0.4097,0.0,0.0,0.0,0.2485,0.2357,0.0,0.0,0.6519,0.0
electrical_system,C,scrap,0.7688999999999999,218.17999999999998,0.98335,0.0019100000000000002,0.015601,0.7578400000000001,0.0,0.0,0.0,0.0,0.0,0.0,0.0,0.0,0.0658,0.0,0.0,0.0,0.0,0.0,0.2921,0.0,0.411
electrical_system,D,replace,2.6788,15240.8,4.32874,0.00068,0.009662,2.9492000000000003,0.615,6226.876,1.0815,0.0,0.0,0.0,0.0,0.4135,0.0,0.0,0.0,0.2498,0.254,0.0,0.0,0.68,0.0
electrical_system,D,scrap,0.7963,225.84,1.01962,0.001988,0.016207,0.78513,0.0,0.0,0.0,0.0,0.0,0.0,0.0,0.0,0.0715,0.0,0.0,0.0,0.0,0.0,0.2946,0.0,0.4302
feed_gearbox,A,replace,4.2869,108704.30000000002,8.1966,0.000832,0.014218,5.3546700000000005,0.42366000000000004,9020.0,1.9013,0.0,0.0,0.0,0.0,0.5419,0.0,0.0,0.0,0.7111,0.3008,0.0,0.0,0.8318,0.0
feed_gearbox,A,reuse,6.560700000000001,2206.49,15.35606,0.027214,0.037242,10.11201,0.012470000000000002,190.75,2.5316,0.7467,0.3016,0.0,0.0,0.0,0.6355,0.0,0.0,0.0,0.34030000000000005,0.9112,0.0,1.0938,0.0
feed_gearbox,B,repair,34.5593,13378.72,205.67967,0.16721499999999997,0.665986,136.39591,0.2052,2782.08,5.4553,2.6174999999999997,0.0,5.7224,0.0,0.0,2.2828,0.0,12.9422,0.0,1.4483000000000001,1.8418,0.0,2.2489999999999997,0.0
feed_gearbox,B,replace,4.3609,108733.16,8.37367,0.000854,0.014523999999999999,5.46999,0.47834,9020.0,1.9341,0.0,0.0,0.0,0.0,0.5449,0.0,0.0,0.0,0.7126,0.3152,0.0,0.0,0.8541,0.0
feed_gearbox,B,reuse,4.2987,1402.95,10.48131,0.029439,0.030366,6.93734,0.02651,190.75,1.4426,0.7786,0.3054,0.0,0.0,0.0,0.4091,0.0,0.0,0.0,0.208,0.5334,0.0,0.6216,0.0
feed_gearbox,C,repair,36.3985,14141.4,221.86453,0.191383,0.7716189999999999,144.35487,0.26548,2782.08,5.5745000000000005,2.7556,0.0,6.0941,0.0,0.0,2.4421999999999997,0.0,13.7294,0.0,1.5335,1.9449,0.0,2.3243,0.0
feed_gearbox,C,replace,4.4564,108770.27000000002,8.6013,0.000883,0.014918,5.61822,0.5740000000000001,9020.0,1.9764,0.0,0.0,0.0,0.0,0.5488,0.0,0.0,0.0,0.7147,0.3338,0.0,0.0,0.8827,0.0
feed_gearbox,C,scrap,1.2546,390.96999999999997,2.09767,0.012707,0.114287,1.56033,0.0,0.0,0.0,0.0,0.0,0.0,0.0,0.0,0.0894,0.0,0.0,0.0,0.0,0.0,0.49460000000000004,0.0,0.6706
feed_gearbox,D,replace,4.5411,108803.22,8.80364,0.000908,0.015268,5.75002,0.615,9020.0,2.0139,0.0,0.0,0.0,0.0,0.5523,0.0,0.0,0.0,0.7165,0.3503,0.0,0.0,0.9081,0.0
feed_gearbox,D,scrap,1.2797,399.05,2.14114,0.012999,0.116757,1.59186,0.0,0.0,0.0,0.0,0.0,0.0,0.0,0.0,0.0946,0.0,0.0,0.0,0.0,0.0,0.4969,0.0,0.6881999999999999
feed_mechanism,A,replace,2.9541,10311.2,5.26011,0.000667,0.010815,3.52432,0.42366000000000004,6519.0,1.4031,0.0,0.0,0.0,0.0,0.4301,0.0,0.0,0.0,0.224,0.2296,0.0,0.0,0.6673,0.0
feed_mechanism,A,reuse,3.1718,977.3299999999999,6.56278,0.020449000000000002,0.021502,4.44679,0.01212,180.53,1.0397,0.571,0.2369,0.0,0.0,0.0,0.3059,0.0,0.0,0.0,0.1506,0.3851,0.0,0.4826,0.0
feed_mechanism,B,repair,22.8091,8550.67,104.32483,0.121215,0.42114700000000005,69.67468,0.19979,2633.04,4.0851,2.0753000000000004,0.0,3.2411000000000003,0.0,0.0,1.8816,0.0,7.0998,0.0,1.1435,1.4443000000000001,0.0,1.8384,0.0
feed_mechanism,B,replace,3.047,10347.24,5.44844,0.000696,0.0112,3.6498,0.47834,6519.0,1.4443000000000001,0.0,0.0,0.0,0.0,0.4339,0.0,0.0,0.0,0.2253,0.2479,0.0,0.0,0.6956,0.0
feed_mechanism,B,reuse,3.3368,1026.09,6.8770299999999995,0.023424,0.023732999999999997,4.66055,0.02581,180.53,1.0702,0.6112,0.2417,0.0,0.0,0.0,0.3339,0.0,0.0,0.0,0.1626,0.4142,0.0,0.503,0.0
feed_mechanism,C,repair,24.8065,9342.26,117.75077999999999,0.145288,0.513073,76.61619,0.25855,2633.04,4.2351,2.251,0.0,3.6048,0.0,0.0,2.0845000000000002,0.0,7.87,0.0,1.2521,1.5747,0.0,1.9343,0.0
feed_mechanism,C,replace,3.1665,10393.58,5.690569999999999,0.000732,0.011694,3.81111,0.5740000000000001,6519.0,1.4973999999999998,0.0,0.0,0.0,0.0,0.4389,0.0,0.0,0.0,0.2269,0.2715,0.0,0.0,0.7318,0.0
feed_mechanism,C,scrap,0.9400999999999999,267.35,1.32378,0.00283,0.023098,1.00611,0.0,0.0,0.0,0.0,0.0,0.0,0.0,0.0,0.0751,0.0,0.0,0.0,0.0,0.0,0.3579,0.0,0.5071
feed_mechanism,D,replace,3.2727,10434.78,5.9058,0.000764,0.012135,3.95451,0.615,6519.0,1.5446,0.0,0.0,0.0,0.0,0.4432,0.0,0.0,0.0,0.2284,0.2924,0.0,0.0,0.7641,0.0
feed_mechanism,D,scrap,0.9716,276.24,1.36966,0.002937,0.023939000000000002,1.0401600000000002,0.0,0.0,0.0,0.0,0.0,0.0,0.0,0.0,0.0816,0.0,0.0,0.0,0.0,0.0,0.3607,0.0,0.5293
gearbox,A,replace,4.0989,65785.52,8.12847,0.000824,0.014066,5.3114799999999995,0.42366000000000004,8856.0,1.9049,0.0,0.0,0.0,0.0,0.528,0.0,0.0,0.0,0.5465,0.2956,0.0,0.0,0.8239,0.0
gearbox,A,reuse,6.4665,2095.46,15.16371,0.026898,0.03653,9.98686,0.01273,191.566,2.5071,0.7451,0.3054,0.0,0.0,0.0,0.6274,0.0,0.0,0.0,0.3306,0.8801,0.0,1.0708,0.0
gearbox,B,repair,35.5407,13575.19,214.77569999999997,0.175982,0.72514,141.98510000000002,0.20998999999999998,2794.5,5.5057,2.6597999999999997,0.0,5.9892,0.0,0.0,2.3053999999999997,0.0,13.572199999999999,0.0,1.4402,1.8211,0.0,2.2471,0.0
gearbox,B,replace,4.1815,65817.22,8.32626,0.000849,0.014407,5.4403,0.47834,8856.0,1.9416,0.0,0.0,0.0,0.0,0.5314,0.0,0.0,0.0,0.548,0.3117,0.0,0.0,0.8488,0.0
gearbox,B,reuse,4.2677,1349.6,10.425160000000002,0.029374,0.030047,6.90145,0.02712,191.566,1.4351,0.7799,0.3096,0.0,0.0,0.0,0.4073,0.0,0.0,0.0,0.2038,0.5199,0.0,0.6121,0.0
gearbox,C,repair,37.6464,14441.88,233.49842,0.203638,0.848479,151.17365,0.27183999999999997,2794.5,5.6394,2.8125,0.0,6.4201,0.0,0.0,2.4844,0.0,14.4847,0.0,1.5361,1.9376,0.0,2.3316,0.0
gearbox,C,replace,4.2878,65857.99,8.580549999999999,0.000881,0.014844,5.60592,0.5740000000000001,8856.0,1.9888,0.0,0.0,0.0,0.0,0.5357,0.0,0.0,0.0,0.55,0.3325,0.0,0.0,0.8808,0.0
gearbox,C,scrap,1.2521,370.78000000000003,2.09223,0.008733000000000001,0.07134399999999999,1.55661,0.0,0.0,0.0,0.0,0.0,0.0,0.0,0.0,0.089,0.0,0.0,0.0,0.0,0.0,0.4964,0.0,0.6667000000000001
gearbox,D,replace,4.3822,65894.23,8.8066,0.000909,0.015233000000000002,5.7531300000000005,0.615,8856.0,2.0307,0.0,0.0,0.0,0.0,0.5396,0.0,0.0,0.0,0.5518,0.3509,0.0,0.0,0.9092,0.0
gearbox,D,scrap,1.2793999999999999,379.0,2.13945,0.008951999999999998,0.073023,1.59084,0.0,0.0,0.0,0.0,0.0,0.0,0.0,0.0,0.0947,0.0,0.0,0.0,0.0,0.0,0.4989,0.0,0.6858
grinding_spindle,A,replace,4.2744,49644.53,8.22118,0.000881,0.015068999999999999,5.40874,0.42366000000000004,8634.6,2.0355,0.0,0.0,0.0,0.0,0.5562,0.0,0.0,0.0,0.481,0.3212,0.0,0.0,0.8805,0.0
grinding_spindle,A,reuse,6.7256,2176.83,14.83591,0.026017,0.037136,9.827490000000001,0.01295,200.97000000000003,2.6473,0.709,0.2889,0.0,0.0,0.0,0.6544,0.0,0.0,0.0,0.3548,0.9407,0.0,1.1305,0.0
grinding_spindle,B,repair,48.1804,18740.8,307.64017,0.228949,1.146433,203.7912,0.21326,2931.12,5.9351,2.5853,0.0,10.3552,0.0,0.0,2.4509,0.0,20.8779,0.0,1.5741,1.9857,0.0,2.4162,0.0
grinding_spindle,B,replace,4.3652,49679.579999999994,8.42728,0.000908,0.015444,5.54383,0.47834,8634.6,2.0765000000000002,0.0,0.0,0.0,0.0,0.5598,0.0,0.0,0.0,0.4826,0.3387,0.0,0.0,0.9076,0.0
grinding_spindle,B,reuse,4.4145,1395.34,10.11508,0.028621999999999998,0.030306,6.73362,0.02749,200.97000000000003,1.5213,0.7468,0.2934,0.0,0.0,0.0,0.4267,0.0,0.0,0.0,0.2194,0.5585,0.0,0.6484,0.0
grinding_spindle,C,laser,49.451899999999995,23755.51,451.32552,0.242368,1.160786,269.67655,0.25899,3065.7309999999998,4.4511,1.9626,0.0,6.1908,3.182,0.0,1.754,9.5482,16.6149,0.0,2.1875,1.7524,0.0,1.8084,0.0
grinding_spindle,C,repair,49.025,19107.18,316.96774,0.25782700000000003,1.270547,204.89638,0.27591,2931.12,6.0852,2.7536,0.0,10.3552,0.0,0.0,2.6470000000000002,0.0,20.8779,0.0,1.679,2.1182,0.0,2.5088999999999997,0.0
grinding_spindle,C,replace,4.4821,49724.65000000001,8.69226,0.000942,0.015927,5.71752,0.5740000000000001,8634.6,2.129,0.0,0.0,0.0,0.0,0.5646,0.0,0.0,0.0,0.4847,0.3613,0.0,0.0,0.9425,0.0
grinding_spindle,C,scrap,1.1679,334.15,1.8473,0.0046029999999999995,0.037752,1.38286,0.0,0.0,0.0,0.0,0.0,0.0,0.0,0.0,0.0926,0.0,0.0,0.0,0.0,0.0,0.4544,0.0,0.6209
grinding_spindle,D,laser,51.2132,24981.649999999998,482.56428,0.275809,1.292447,280.8264,0.17656,3065.7309999999998,4.5487,2.0692,0.0,6.1908,3.2833,0.0,1.8695,10.61,16.6149,0.0,2.3091,1.8499,0.0,1.8678,0.0
grinding_spindle,D,replace,4.5858,49764.71,8.92781,0.000973,0.016356000000000002,5.87193,0.615,8634.6,2.1757,0.0,0.0,0.0,0.0,0.5688,0.0,0.0,0.0,0.4865,0.3814,0.0,0.0,0.9734,0.0
grinding_spindle,D,scrap,1.1974,342.53999999999996,1.89541,0.004738,0.038785,1.41799,0.0,0.0,0.0,0.0,0.0,0.0,0.0,0.0,0.0987,0.0,0.0,0.0,0.0,0.0,0.45710000000000006,0.0,0.6416
guideway,A,replace,4.5367,70024.54,9.044,0.000908,0.015797,5.90735,0.42366000000000004,9829.476,2.1417,0.0,0.0,0.0,0.0,0.5736,0.0,0.0,0.0,0.5814,0.3324,0.0,0.0,0.9076,0.0
guideway,A,reuse,7.0619,2288.5,16.471330000000002,0.028766,0.040029,10.839690000000001,0.01329,195.724,2.7931,0.7755,0.3101,0.0,0.0,0.0,0.6811,0.0,0.0,0.0,0.36829999999999996,0.9653,0.0,1.1685,0.0
guideway,B,repair,48.699200000000005,18771.300000000003,323.05442,0.233492,1.122241,213.37571,0.21833999999999998,2854.85,6.2242,2.8026,0.0,10.2838,0.0,0.0,2.5289,0.0,20.735500000000002,0.0,1.6207,2.0212,0.0,2.4823,0.0
guideway,B,replace,4.6238,70057.76,9.25264,0.000934,0.016157,6.04322,0.47834,9829.476,2.1809000000000003,0.0,0.0,0.0,0.0,0.5771,0.0,0.0,0.0,0.583,0.3492,0.0,0.0,0.9336,0.0
guideway,B,reuse,4.6357,1465.26,11.24422,0.031427000000000004,0.032775,7.4371,0.02821,195.724,1.6013,0.8124,0.3145,0.0,0.0,0.0,0.4418,0.0,0.0,0.0,0.2267,0.5705,0.0,0.6685,0.0
guideway,C,laser,49.7298,23664.52,472.77632,0.249385,1.1570349999999998,282.49832,0.26506,2985.931,4.6495999999999995,2.1105,0.0,6.1377,3.4413,0.0,1.7972,9.2597,16.4725,0.0,2.2389,1.7724,0.0,1.85,0.0
guideway,C,repair,49.5092,19121.760000000002,332.09211,0.262018,1.242502,214.48868,0.28249,2854.85,6.368,2.9661,0.0,10.2838,0.0,0.0,2.7171,0.0,20.735500000000002,0.0,1.7214,2.1461,0.0,2.5712,0.0
guideway,C,replace,4.736,70100.45999999999,9.52091,0.000967,0.016623,6.2179,0.5740000000000001,9829.476,2.2312,0.0,0.0,0.0,0.0,0.5816,0.0,0.0,0.0,0.5852,0.3709,0.0,0.0,0.9671,0.0
guideway,C,scrap,1.2793999999999999,374.11,2.13839,0.007651,0.062971,1.5901399999999999,0.0,0.0,0.0,0.0,0.0,0.0,0.0,0.0,0.0956,0.0,0.0,0.0,0.0,0.0,0.49929999999999997,0.0,0.6845
guideway,D,laser,51.3291,24775.63,502.15296,0.281681,1.2833530000000002,292.89274,0.18077,2985.931,4.742900000000001,2.2139,0.0,6.1377,3.5382,0.0,1.9078,10.1897,16.4725,0.0,2.3554,1.8641,0.0,1.9069,0.0
guideway,D,replace,4.8359,70138.41,9.759369999999999,0.000997,0.017039,6.37317,0.615,9829.476,2.2761,0.0,0.0,0.0,0.0,0.5857,0.0,0.0,0.0,0.5871,0.3902,0.0,0.0,0.9968,0.0
guideway,D,scrap,1.308,382.55999999999995,2.18785,0.007846,0.064495,1.62601,0.0,0.0,0.0,0.0,0.0,0.0,0.0,0.0,0.1015,0.0,0.0,0.0,0.0,0.0,0.5018,0.0,0.7047
hydraulic_system,A,replace,2.7822999999999998,21164.6,4.79395,0.00066,0.009963,3.22276,0.42366000000000004,6881.166,1.1677,0.0,0.0,0.0,0.0,0.4347,0.0,0.0,0.0,0.2941,0.2261,0.0,0.0,0.6597,0.0
hydraulic_system,A,reuse,2.9604,919.1,6.13798,0.020634,0.021082999999999998,4.17143,0.01173,175.966,0.8617,0.5641,0.2333,0.0,0.0,0.0,0.3,0.0,0.0,0.0,0.1485,0.3751,0.0,0.4777,0.0
hydraulic_system,B,repair,11.124400000000001,4132.780000000001,53.50867,0.059157,0.217732,35.94775,0.0874,1223.44,1.543,0.9883,0.0,1.4691,0.0,0.0,1.0295,0.0,4.0932,0.0,0.4656,0.683,0.0,0.8527,0.0
hydraulic_system,B,replace,2.8605,21194.740000000005,4.95251,0.000685,0.010291,3.3286700000000002,0.47834,6881.166,1.1994,0.0,0.0,0.0,0.0,0.4382,0.0,0.0,0.0,0.2954,0.2425,0.0,0.0,0.685,0.0
hydraulic_system,B,reuse,3.1043,961.49,6.41117,0.023329,0.023105,4.35769,0.024940000000000004,175.966,0.8851,0.6006,0.2376,0.0,0.0,0.0,0.3252,0.0,0.0,0.0,0.1593,0.4004,0.0,0.4961,0.0
hydraulic_system,C,repair,12.066699999999999,4502.04,60.06924,0.0699,0.262113,39.36805,0.11308,1223.44,1.5954000000000002,1.0655,0.0,1.6252,0.0,0.0,1.1320000000000001,0.0,4.5108,0.0,0.5062,0.7383,0.0,0.8933,0.0
hydraulic_system,C,replace,2.9612,21233.47,5.15637,0.000718,0.010712,3.46485,0.5740000000000001,6881.166,1.2402,0.0,0.0,0.0,0.0,0.4426,0.0,0.0,0.0,0.2971,0.2637,0.0,0.0,0.7176,0.0
hydraulic_system,C,scrap,0.9247000000000001,262.80999999999995,1.293,0.0028000000000000004,0.023103,0.98378,0.0,0.0,0.0,0.0,0.0,0.0,0.0,0.0,0.0727,0.0,0.0,0.0,0.0,0.0,0.35250000000000004,0.0,0.4995
hydraulic_system,D,replace,3.0506,21267.9,5.3376,0.000747,0.011089,3.5858799999999995,0.615,6881.166,1.2765,0.0,0.0,0.0,0.0,0.4465,0.0,0.0,0.0,0.2985,0.2825,0.0,0.0,0.7466,0.0
hydraulic_system,D,scrap,0.9532999999999999,270.89,1.33433,0.0029,0.023879000000000004,1.01447,0.0,0.0,0.0,0.0,0.0,0.0,0.0,0.0,0.0786,0.0,0.0,0.0,0.0,0.0,0.355,0.0,0.5196999999999999
lead_screw,A,replace,3.4074,27951.329999999998,5.96574,0.000741,0.012212,3.98889,0.42366000000000004,7232.4,1.5817,0.0,0.0,0.0,0.0,0.4801,0.0,0.0,0.0,0.343,0.2616,0.0,0.0,0.741,0.0
lead_screw,A,reuse,5.4658999999999995,1727.35,10.88712,0.021788,0.030659,7.32473,0.012230000000000001,183.939,2.0766999999999998,0.5886,0.2429,0.0,0.0,0.0,0.5478,0.0,0.0,0.0,0.2918,0.7575000000000001,0.0,0.9606,0.0
lead_screw,B,repair,29.758499999999998,11306.369999999999,152.12099,0.146712,0.611224,101.88488,0.20131000000000002,2682.7200000000003,4.6015,2.1399,0.0,5.103199999999999,0.0,0.0,2.0435,0.0,10.9618,0.0,1.2882,1.5876000000000001,0.0,2.0328,0.0
lead_screw,B,replace,3.4936,27984.470000000005,6.1415299999999995,0.000767,0.01257,4.10584,0.47834,7232.4,1.6200999999999999,0.0,0.0,0.0,0.0,0.4836,0.0,0.0,0.0,0.3444,0.2785,0.0,0.0,0.767,0.0
lead_screw,B,reuse,3.6136,1121.4,7.47482,0.024124,0.025276,5.0538,0.02603,183.939,1.1952,0.6255,0.2473,0.0,0.0,0.0,0.36,0.0,0.0,0.0,0.1817,0.4518,0.0,0.5521,0.0
lead_screw,C,repair,32.0156,12224.08,169.22046,0.173179,0.730387,110.52416999999998,0.26052,2682.7200000000003,4.742,2.3021000000000003,0.0,5.571400000000001,0.0,0.0,2.2306,0.0,11.9533,0.0,1.3881999999999999,1.7067999999999999,0.0,2.1212,0.0
lead_screw,C,replace,3.6041,28027.069999999996,6.367559999999999,0.0008,0.013028000000000001,4.2562,0.5740000000000001,7232.4,1.6695,0.0,0.0,0.0,0.0,0.4881,0.0,0.0,0.0,0.3461,0.3001,0.0,0.0,0.8003,0.0
lead_screw,C,scrap,0.9617,273.40000000000003,1.36566,0.0029779999999999997,0.024512000000000003,1.0366499999999998,0.0,0.0,0.0,0.0,0.0,0.0,0.0,0.0,0.0795,0.0,0.0,0.0,0.0,0.0,0.36719999999999997,0.0,0.515
lead_screw,D,replace,3.7027,28064.949999999997,6.56847,0.00083,0.013438,4.38985,0.615,7232.4,1.7135000000000002,0.0,0.0,0.0,0.0,0.4922,0.0,0.0,0.0,0.3477,0.3193,0.0,0.0,0.83,0.0
lead_screw,D,scrap,0.9905,281.5,1.40795,0.003082,0.025312,1.06796,0.0,0.0,0.0,0.0,0.0,0.0,0.0,0.0,0.0854,0.0,0.0,0.0,0.0,0.0,0.3698,0.0,0.5353
motor,A,replace,2.4141,9384.73,4.15918,0.000592,0.008713,2.80687,0.42366000000000004,6211.5,1.0264,0.0,0.0,0.0,0.0,0.3926,0.0,0.0,0.0,0.2071,0.1964,0.0,0.0,0.5916,0.0
motor,A,reuse,2.6795,829.87,5.46533,0.018120999999999998,0.018409,3.7279,0.01138,172.015,0.7642,0.5214,0.2214,0.0,0.0,0.0,0.2697,0.0,0.0,0.0,0.1301,0.3403,0.0,0.4324,0.0
motor,B,repair,8.3669,3064.58,34.91151,0.044331,0.12953,23.636000000000003,0.08468,1195.84,1.3494000000000002,0.8986,0.0,0.8984,0.0,0.0,0.9117,0.0,2.534,0.0,0.4029,0.6109,0.0,0.761,0.0
motor,B,replace,2.4814,9410.930000000002,4.29316,0.000614,0.008992,2.89663,0.47834,6211.5,1.0535999999999999,0.0,0.0,0.0,0.0,0.3956,0.0,0.0,0.0,0.2081,0.2106,0.0,0.0,0.6135,0.0
motor,B,reuse,2.805,866.98,5.69842,0.02033,0.020059,3.8873499999999996,0.02419,172.015,0.7844,0.5531,0.2251,0.0,0.0,0.0,0.2917,0.0,0.0,0.0,0.1396,0.3627,0.0,0.4484,0.0
motor,C,repair,9.043,3321.41,38.95707,0.051794999999999994,0.154782,25.83145,0.1096,1195.84,1.3942999999999999,0.9647,0.0,0.9958,0.0,0.0,1.0003,0.0,2.7945,0.0,0.4379,0.6595,0.0,0.796,0.0
motor,C,replace,2.5682,9444.6,4.46539,0.000642,0.009352,3.01205,0.5740000000000001,6211.5,1.0887,0.0,0.0,0.0,0.0,0.3994,0.0,0.0,0.0,0.2094,0.2289,0.0,0.0,0.6418,0.0
motor,C,scrap,0.8627,245.20999999999998,1.18007,0.0024249999999999996,0.019757,0.9010399999999998,0.0,0.0,0.0,0.0,0.0,0.0,0.0,0.0,0.0656,0.0,0.0,0.0,0.0,0.0,0.3332,0.0,0.46390000000000003
motor,D,replace,2.6451000000000002,9474.51,4.6184899999999995,0.000667,0.00967,3.11464,0.615,6211.5,1.1197,0.0,0.0,0.0,0.0,0.4028,0.0,0.0,0.0,0.2105,0.2452,0.0,0.0,0.6669,0.0
motor,D,scrap,0.8876000000000001,252.25,1.2154500000000001,0.0025059999999999995,0.020379,0.92738,0.0,0.0,0.0,0.0,0.0,0.0,0.0,0.0,0.0707,0.0,0.0,0.0,0.0,0.0,0.33540000000000003,0.0,0.48150000000000004
pallet_system,A,replace,5.28,233918.73,9.3767,0.000951,0.015732,6.12048,0.42366000000000004,12300.0,2.1362,0.0,0.0,0.0,0.0,0.6301,0.0,0.0,0.0,1.2087,0.3537,0.0,0.0,0.9513,0.0
pallet_system,A,reuse,7.2102,2599.63,16.73914,0.025221,0.037267,11.01531,0.01234,189.046,2.7906,0.7346,0.311,0.0,0.0,0.0,0.7104999999999999,0.0,0.0,0.0,0.3926,1.044,0.0,1.2269,0.0
pallet_system,B,repair,48.845499999999994,19123.079999999998,322.47611,0.225998,1.127831,212.80059,0.20276,2757.24,6.1956,2.65,0.0,10.2386,0.0,0.0,2.6281,0.0,20.645699999999998,0.0,1.7197999999999998,2.1703,0.0,2.5974,0.0
pallet_system,B,replace,5.3691,233952.7,9.5882,0.000978,0.016087999999999998,6.2581999999999995,0.47834,12300.0,2.1756,0.0,0.0,0.0,0.0,0.6337,0.0,0.0,0.0,1.2111,0.3709,0.0,0.0,0.9778,0.0
pallet_system,B,reuse,4.7004,1618.37,11.33617,0.027638,0.029827,7.49652,0.02616,189.046,1.599,0.7698,0.3155,0.0,0.0,0.0,0.4601,0.0,0.0,0.0,0.2411,0.6139,0.0,0.701,0.0
pallet_system,C,repair,49.6518,19474.3,331.62759,0.253739,1.245825,213.9041,0.26234,2757.24,6.3399,2.806,0.0,10.2386,0.0,0.0,2.8195,0.0,20.645699999999998,0.0,1.8222,2.2921,0.0,2.6878,0.0
pallet_system,C,replace,5.4834,233996.38,9.860109999999999,0.001012,0.016547,6.4352599999999995,0.5740000000000001,12300.0,2.2262,0.0,0.0,0.0,0.0,0.6383,0.0,0.0,0.0,1.2141,0.393,0.0,0.0,1.0118,0.0
pallet_system,C,scrap,1.2542,386.46000000000004,2.083,0.012422,0.10603200000000002,1.5509,0.0,0.0,0.0,0.0,0.0,0.0,0.0,0.0,0.0995,0.0,0.0,0.0,0.0,0.0,0.5043,0.0,0.6504
pallet_system,D,replace,5.5851,234035.2,10.10181,0.001042,0.016953000000000003,6.5926599999999995,0.615,12300.0,2.2712,0.0,0.0,0.0,0.0,0.6424,0.0,0.0,0.0,1.2168,0.4126,0.0,0.0,1.0421,0.0
pallet_system,D,scrap,1.282,395.3,2.13097,0.012742999999999999,0.108583,1.58572,0.0,0.0,0.0,0.0,0.0,0.0,0.0,0.0,0.1056,0.0,0.0,0.0,0.0,0.0,0.5067999999999999,0.0,0.6696
radial_arm,A,replace,3.6656000000000004,22584.56,7.62538,0.000771,0.013333000000000001,4.98426,0.42366000000000004,6888.0,1.8128000000000002,0.0,0.0,0.0,0.0,0.4837,0.0,0.0,0.0,0.3261,0.2716,0.0,0.0,0.7714,0.0
radial_arm,A,reuse,6.1373,1922.5,14.47781,0.027532,0.036038,9.5396,0.01329,189.046,2.3889,0.7488,0.3039,0.0,0.0,0.0,0.5937,0.0,0.0,0.0,0.3042,0.794,0.0,1.0038,0.0
radial_arm,B,repair,32.767,12425.830000000002,195.23749999999998,0.17144199999999998,0.670744,128.89394000000001,0.21849000000000002,2757.24,5.2431,2.6744000000000003,0.0,5.3462,0.0,0.0,2.1902999999999997,0.0,12.2212,0.0,1.3313000000000001,1.6514000000000002,0.0,2.1090999999999998,0.0
radial_arm,B,replace,3.7507,22617.15,7.82974,0.000797,0.013687000000000001,5.11736,0.47834,6888.0,1.8507,0.0,0.0,0.0,0.0,0.4872,0.0,0.0,0.0,0.3274,0.2883,0.0,0.0,0.7971,0.0
radial_arm,B,reuse,4.0868,1258.09,10.05204,0.030203999999999998,0.030136,6.65828,0.02821,189.046,1.3691,0.7854,0.3083,0.0,0.0,0.0,0.3876,0.0,0.0,0.0,0.1887,0.4722,0.0,0.5755,0.0
radial_arm,C,laser,38.0708,18563.78,372.2617,0.199582,0.806663,218.86119000000002,0.26539,2883.8689999999997,3.9013,2.0037,0.0,3.4188,3.2374,0.0,1.5606,8.7332,10.3435,0.0,1.8487999999999998,1.4532,0.0,1.5703,0.0
radial_arm,C,repair,34.86,13279.71,213.36522,0.19919699999999999,0.7900200000000001,137.87888,0.28279,2757.24,5.3809000000000005,2.8345000000000002,0.0,5.7643,0.0,0.0,2.3754999999999997,0.0,13.1066,0.0,1.4304999999999999,1.7711000000000001,0.0,2.1966,0.0
radial_arm,C,replace,3.8602,22658.999999999996,8.09249,0.00083,0.014143,5.2884899999999995,0.5740000000000001,6888.0,1.8994,0.0,0.0,0.0,0.0,0.4917,0.0,0.0,0.0,0.3291,0.3098,0.0,0.0,0.8302,0.0
radial_arm,C,scrap,1.2527,383.3,2.0979200000000002,0.012152999999999999,0.099749,1.5603700000000003,0.0,0.0,0.0,0.0,0.0,0.0,0.0,0.0,0.0853,0.0,0.0,0.0,0.0,0.0,0.4938,0.0,0.6736
radial_arm,D,laser,40.5952,20104.73,409.46009,0.232072,0.9380040000000001,235.29021,0.1809,2883.8689999999997,3.9901999999999997,2.1043,0.0,3.6392,3.3322,0.0,1.6688,9.767,10.964500000000001,0.0,1.9626000000000001,1.5405,0.0,1.6259,0.0
radial_arm,D,replace,3.9574,22696.24,8.32603,0.00086,0.014546,5.4406099999999995,0.615,6888.0,1.9425999999999999,0.0,0.0,0.0,0.0,0.4957,0.0,0.0,0.0,0.3306,0.3289,0.0,0.0,0.8596,0.0
radial_arm,D,scrap,1.2814,392.28,2.1473899999999997,0.012469,0.102193,1.59624,0.0,0.0,0.0,0.0,0.0,0.0,0.0,0.0,0.0912,0.0,0.0,0.0,0.0,0.0,0.4964,0.0,0.6938
rotary_table,A,replace,5.8153999999999995,307803.30000000005,10.03936,0.001011,0.016815999999999998,6.54938,0.42366000000000004,13038.0,2.2882,0.0,0.0,0.0,0.0,0.6735,0.0,0.0,0.0,1.4624,0.3803,0.0,0.0,1.011,0.0
rotary_table,A,reuse,7.656000000000001,3092.83,17.67534,0.024891,0.038599,11.62324,0.0122,195.86,2.9953000000000003,0.7331,0.3107,0.0,0.0,0.0,0.7465,0.0,0.0,0.0,0.4229,1.1411,0.0,1.3064,0.0
rotary_table,B,repair,49.577,19755.55,320.32447,0.20482599999999998,0.993684,213.08861,0.20014,2856.6,6.6084,2.6121,0.0,10.1917,0.0,0.0,2.7134,0.0,20.5522,0.0,1.8235,2.3377,0.0,2.738,0.0
rotary_table,B,replace,5.8852,307830.55,10.20466,0.001032,0.017095,6.65702,0.47834,13038.0,2.3193,0.0,0.0,0.0,0.0,0.6763,0.0,0.0,0.0,1.4644,0.3936,0.0,0.0,1.0316,0.0
rotary_table,B,reuse,4.9186,1866.29,11.78502,0.026588999999999998,0.02998,7.78678,0.02581,195.86,1.7078,0.7606,0.3142,0.0,0.0,0.0,0.4762,0.0,0.0,0.0,0.2563,0.6628,0.0,0.7407,0.0
rotary_table,C,repair,50.2254,20039.43,327.63838000000004,0.226717,1.0877830000000002,213.97445,0.25894,2856.6,6.7252,2.7367999999999997,0.0,10.1917,0.0,0.0,2.8663,0.0,20.5522,0.0,1.9053,2.4375999999999998,0.0,2.8103,0.0
rotary_table,C,replace,5.9774,307866.50999999995,10.423110000000001,0.001059,0.017463,6.79923,0.5740000000000001,13038.0,2.3603,0.0,0.0,0.0,0.0,0.68,0.0,0.0,0.0,1.467,0.4113,0.0,0.0,1.0588,0.0
rotary_table,C,scrap,1.2464,389.96,2.06647,0.012271,0.116379,1.53901,0.0,0.0,0.0,0.0,0.0,0.0,0.0,0.0,0.1016,0.0,0.0,0.0,0.0,0.0,0.5038,0.0,0.641
rotary_table,D,replace,6.0594,307898.50000000006,10.61728,0.001083,0.01779,6.92567,0.615,13038.0,2.3968,0.0,0.0,0.0,0.0,0.6833,0.0,0.0,0.0,1.4693,0.427,0.0,0.0,1.083,0.0
rotary_table,D,scrap,1.2688000000000001,397.19,2.10497,0.012528,0.11865,1.5669300000000002,0.0,0.0,0.0,0.0,0.0,0.0,0.0,0.0,0.1064,0.0,0.0,0.0,0.0,0.0,0.5059,0.0,0.6565
servo_axis,A,replace,3.4181999999999997,64439.87999999999,5.415570000000001,0.000765,0.011418000000000001,3.65549,0.42366000000000004,8780.56,1.3527,0.0,0.0,0.0,0.0,0.5096,0.0,0.0,0.0,0.5166,0.2739,0.0,0.0,0.7654,0.0
servo_axis,A,reuse,3.2818,1057.03,6.44001,0.018588999999999998,0.020693999999999997,4.38918,0.0113,190.54500000000002,0.993,0.5307,0.2258,0.0,0.0,0.0,0.3388,0.0,0.0,0.0,0.1787,0.464,0.0,0.5508,0.0
servo_axis,B,repair,10.126199999999999,3681.9900000000002,39.94076,0.048955000000000005,0.157357,27.00423,0.08428000000000001,1324.896,1.7884,0.9366,0.0,1.0588,0.0,0.0,1.1583,0.0,2.7994,0.0,0.5574,0.842,0.0,0.9853,0.0
servo_axis,B,replace,3.4939999999999998,64469.329999999994,5.56354,0.00079,0.011729999999999999,3.75479,0.47834,8780.56,1.3838,0.0,0.0,0.0,0.0,0.5129,0.0,0.0,0.0,0.5181,0.2896,0.0,0.0,0.7896,0.0
servo_axis,B,reuse,3.4195,1097.53,6.69084,0.020961999999999998,0.022475,4.56095,0.024059999999999998,190.54500000000002,1.0159,0.5643,0.2299,0.0,0.0,0.0,0.3628,0.0,0.0,0.0,0.189,0.4893,0.0,0.5683,0.0
servo_axis,C,repair,10.8217,3943.32,44.02363,0.057227,0.185466,29.12699,0.1091,1324.896,1.8401999999999998,1.0083,0.0,1.1513,0.0,0.0,1.2566,0.0,3.0469,0.0,0.5963,0.8979,0.0,1.0242,0.0
servo_axis,C,replace,3.5915,64507.189999999995,5.7538,0.000821,0.012131,3.88246,0.5740000000000001,8780.56,1.4237,0.0,0.0,0.0,0.0,0.5171,0.0,0.0,0.0,0.5201,0.3098,0.0,0.0,0.8208,0.0
servo_axis,C,scrap,0.869,246.49,1.16696,0.0023339999999999997,0.019036,0.89261,0.0,0.0,0.0,0.0,0.0,0.0,0.0,0.0,0.0796,0.0,0.0,0.0,0.0,0.0,0.3325,0.0,0.4569
servo_axis,D,replace,3.6783,64540.86,5.922930000000001,0.000848,0.012487,3.9959499999999997,0.615,8780.56,1.4593,0.0,0.0,0.0,0.0,0.5209,0.0,0.0,0.0,0.5218,0.3278,0.0,0.0,0.8485,0.0
servo_axis,D,scrap,0.8954,253.92000000000002,1.20379,0.002416,0.019673,0.92008,0.0,0.0,0.0,0.0,0.0,0.0,0.0,0.0,0.0852,0.0,0.0,0.0,0.0,0.0,0.3348,0.0,0.4754
servo_or_retrofit_drive,A,replace,3.7751,100264.70999999999,6.65809,0.000796,0.012373,4.40325,0.42366000000000004,8118.0,1.5015,0.0,0.0,0.0,0.0,0.5255,0.0,0.0,0.0,0.6661,0.2863,0.0,0.0,0.7957,0.0
servo_or_retrofit_drive,A,reuse,3.6697,1210.8600000000001,8.34761,0.023846,0.025058999999999998,5.58608,0.01119,189.046,1.1143,0.6651,0.2713,0.0,0.0,0.0,0.3648,0.0,0.0,0.0,0.1889,0.4862,0.0,0.5791,0.0
servo_or_retrofit_drive,B,repair,14.345600000000001,5483.499999999999,78.36981,0.0693,0.269716,52.36052,0.08288000000000001,1314.24,1.9670999999999998,1.1391,0.0,1.9925,0.0,0.0,1.2166000000000001,0.0,5.5749,0.0,0.5763,0.8629,0.0,1.0162,0.0
servo_or_retrofit_drive,B,replace,3.8447,100292.14,6.81346,0.000818,0.012662,4.50554,0.47834,8118.0,1.5298,0.0,0.0,0.0,0.0,0.5285,0.0,0.0,0.0,0.6677,0.3008,0.0,0.0,0.8179,0.0
servo_or_retrofit_drive,B,reuse,3.7974,1248.9,8.615839999999999,0.026393,0.026944000000000003,5.766360000000001,0.023629999999999998,189.046,1.1352,0.697,0.2751,0.0,0.0,0.0,0.387,0.0,0.0,0.0,0.1985,0.5093,0.0,0.5953,0.0
servo_or_retrofit_drive,C,repair,15.1944,5826.12,85.17624,0.079688,0.314348,55.76083,0.10722,1314.24,2.0139,1.2062,0.0,2.135,0.0,0.0,1.3064,0.0,5.9562,0.0,0.6119,0.9131,0.0,1.0517,0.0
servo_or_retrofit_drive,C,replace,3.934,100327.4,7.013210000000001,0.000847,0.013032,4.63705,0.5740000000000001,8118.0,1.5661,0.0,0.0,0.0,0.0,0.5324,0.0,0.0,0.0,0.6697,0.3193,0.0,0.0,0.8465,0.0
servo_or_retrofit_drive,C,scrap,1.1088,317.68,1.7168900000000002,0.004173,0.034318,1.2889599999999999,0.0,0.0,0.0,0.0,0.0,0.0,0.0,0.0,0.0849,0.0,0.0,0.0,0.0,0.0,0.4324,0.0,0.5914999999999999
servo_or_retrofit_drive,D,replace,4.0136,100358.76,7.19078,0.000872,0.013361999999999999,4.75398,0.615,8118.0,1.5985,0.0,0.0,0.0,0.0,0.5359,0.0,0.0,0.0,0.6714,0.3358,0.0,0.0,0.872,0.0
servo_or_retrofit_drive,D,scrap,1.1339,324.84999999999997,1.7572,0.004281,0.035165,1.31848,0.0,0.0,0.0,0.0,0.0,0.0,0.0,0.0,0.09,0.0,0.0,0.0,0.0,0.0,0.4346,0.0,0.6093
spindle,A,replace,4.6436,109647.13000000002,8.56466,0.00091,0.015491,5.625310000000001,0.42366000000000004,9540.7,2.0686,0.0,0.0,0.0,0.0,0.5875,0.0,0.0,0.0,0.7428,0.335,0.0,0.0,0.9097,0.0
spindle,A,reuse,6.9544,2386.5299999999997,15.45063,0.02668,0.038266999999999995,10.22027,0.013160000000000002,202.94500000000002,2.6978,0.7247,0.2929,0.0,0.0,0.0,0.6759,0.0,0.0,0.0,0.3712,1.0207000000000002,0.0,1.1712,0.0
spindle,B,repair,47.857299999999995,18681.99,304.78225,0.223477,1.10397,201.85612,0.21688999999999997,2960.1240000000003,6.016299999999999,2.6285,0.0,9.7038,0.0,0.0,2.5135,0.0,20.7352,0.0,1.6345,2.1364,0.0,2.4891,0.0
spindle,B,replace,4.7327,109681.47000000002,8.7682,0.000936,0.015858,5.75856,0.47834,9540.7,2.1085000000000003,0.0,0.0,0.0,0.0,0.5911,0.0,0.0,0.0,0.7447,0.3522,0.0,0.0,0.9362,0.0
spindle,B,reuse,4.5482,1506.1100000000001,10.49689,0.029256,0.031107999999999997,6.97771,0.02799,202.94500000000002,1.548,0.7619,0.2973,0.0,0.0,0.0,0.4391,0.0,0.0,0.0,0.2286,0.603,0.0,0.6703,0.0
spindle,C,laser,50.321999999999996,24375.8,466.03909,0.245344,1.158547,277.84445,0.2633,3096.019,4.4993,1.9876,0.0,6.1375,3.2345,0.0,1.7893,10.2139,16.472099999999998,0.0,2.2592,1.8725,0.0,1.8561,0.0
spindle,C,repair,49.264,19283.450000000004,318.63988000000006,0.256185,1.247769,206.07946,0.28062,2960.1240000000003,6.1625,2.7934,0.0,10.2836,0.0,0.0,2.7052,0.0,20.7352,0.0,1.737,2.2674,0.0,2.5797,0.0
spindle,C,replace,4.8471,109725.59000000001,9.0299,0.00097,0.016331000000000002,5.929869999999999,0.5740000000000001,9540.7,2.1597,0.0,0.0,0.0,0.0,0.5957,0.0,0.0,0.0,0.7471,0.3743,0.0,0.0,0.9703,0.0
spindle,C,scrap,1.1962,342.36,1.91154,0.004848,0.039799,1.42901,0.0,0.0,0.0,0.0,0.0,0.0,0.0,0.0,0.0952,0.0,0.0,0.0,0.0,0.0,0.4648,0.0,0.6362
spindle,D,laser,52.050399999999996,25591.99,497.16318,0.278752,1.289506,288.90074,0.1796,3096.019,4.5942,2.092,0.0,6.1375,3.3333,0.0,1.902,11.2587,16.472099999999998,0.0,2.3777999999999997,1.9687,0.0,1.9141,0.0
spindle,D,replace,4.949,109764.83,9.26254,0.001001,0.016751000000000002,6.08215,0.615,9540.7,2.2053000000000003,0.0,0.0,0.0,0.0,0.5998,0.0,0.0,0.0,0.7493,0.394,0.0,0.0,1.0006,0.0
spindle,D,scrap,1.2251,350.67999999999995,1.95946,0.0049830000000000004,0.040846999999999994,1.46395,0.0,0.0,0.0,0.0,0.0,0.0,0.0,0.0,0.1012,0.0,0.0,0.0,0.0,0.0,0.46740000000000004,0.0,0.6565
tailstock,A,replace,3.3451,19903.609999999997,6.49622,0.00072,0.012083,4.2868200000000005,0.42366000000000004,7514.48,1.6159,0.0,0.0,0.0,0.0,0.4598,0.0,0.0,0.0,0.2994,0.2502,0.0,0.0,0.7198,0.0
tailstock,A,reuse,5.5384,1722.33,12.22674,0.023908,0.031854,8.12937,0.01268,173.72,2.1349,0.6616,0.2745,0.0,0.0,0.0,0.5476,0.0,0.0,0.0,0.2809,0.6997,0.0,0.9392,0.0
tailstock,B,repair,31.1036,11790.28,177.88877,0.156082,0.6404340000000001,118.35892,0.20840999999999998,2533.68,4.6714,2.3627000000000002,0.0,5.3375,0.0,0.0,2.0171,0.0,12.07,0.0,1.2269999999999999,1.451,0.0,1.9668999999999999,0.0
tailstock,B,replace,3.426,19934.179999999997,6.67741,0.000744,0.012419,4.4059,0.47834,7514.48,1.6518000000000002,0.0,0.0,0.0,0.0,0.4631,0.0,0.0,0.0,0.3007,0.2661,0.0,0.0,0.7443,0.0
tailstock,B,reuse,3.6864999999999997,1127.9299999999998,8.47733,0.026237,0.02647,5.66563,0.0269,173.72,1.2243,0.6961,0.2787,0.0,0.0,0.0,0.3581,0.0,0.0,0.0,0.1745,0.4163,0.0,0.5385,0.0
tailstock,C,repair,33.2564,12666.21,195.74983,0.182077,0.757559,127.37402999999999,0.26965,2533.68,4.8017,2.5134,0.0,5.7902000000000005,0.0,0.0,2.1932,0.0,13.0288,0.0,1.3213,1.5577,0.0,2.0501,0.0
tailstock,C,replace,3.5298,19973.469999999998,6.910410000000001,0.000776,0.012848000000000002,4.55897,0.5740000000000001,7514.48,1.6979,0.0,0.0,0.0,0.0,0.4674,0.0,0.0,0.0,0.3022,0.2865,0.0,0.0,0.7758,0.0
tailstock,C,scrap,1.1065,315.47,1.7268599999999998,0.004215,0.034508,1.29563,0.0,0.0,0.0,0.0,0.0,0.0,0.0,0.0,0.0791,0.0,0.0,0.0,0.0,0.0,0.4357,0.0,0.5917
tailstock,D,replace,3.622,20008.399999999994,7.117509999999999,0.000804,0.013231,4.69504,0.615,7514.48,1.7388,0.0,0.0,0.0,0.0,0.4712,0.0,0.0,0.0,0.3036,0.3046,0.0,0.0,0.8038,0.0
tailstock,D,scrap,1.1336,323.17,1.7706300000000001,0.004333,0.035421,1.3276599999999998,0.0,0.0,0.0,0.0,0.0,0.0,0.0,0.0,0.0848,0.0,0.0,0.0,0.0,0.0,0.438,0.0,0.6108
tool_magazine,A,replace,4.1081,105350.51999999999,7.83561,0.000852,0.013363,5.12889,0.42366000000000004,9815.4,1.6822,0.0,0.0,0.0,0.0,0.5534,0.0,0.0,0.0,0.7127,0.3082,0.0,0.0,0.8516,0.0
tool_magazine,A,reuse,6.2648,2107.95,14.747240000000001,0.026033,0.034953,9.72762,0.01207,187.345,2.2127,0.7373,0.3053,0.0,0.0,0.0,0.6444000000000001,0.0,0.0,0.0,0.3452,0.9117000000000001,0.0,1.1082,0.0
tool_magazine,B,repair,20.7008,7977.13,138.23081,0.093089,0.443787,91.70343,0.08968,1302.4,2.2079999999999997,1.2713,0.0,3.4466,0.0,0.0,1.3218,0.0,9.8248,0.0,0.6212,0.9171,0.0,1.09,0.0
tool_magazine,B,replace,4.1802,105378.38,8.0089,0.000875,0.013658,5.24189,0.47834,9815.4,1.7115,0.0,0.0,0.0,0.0,0.5565,0.0,0.0,0.0,0.7144,0.3232,0.0,0.0,0.8746,0.0
tool_magazine,B,reuse,4.1322,1346.29,10.13812,0.028215,0.028628999999999998,6.72092,0.02563,187.345,1.2599,0.7692,0.3092,0.0,0.0,0.0,0.4158,0.0,0.0,0.0,0.2115,0.5352,0.0,0.6314,0.0
tool_magazine,C,repair,21.8022,8436.06,148.95896,0.106967,0.514309,96.81604999999999,0.11610000000000001,1302.4,2.2565999999999997,1.339,0.0,3.6717,0.0,0.0,1.4149,0.0,10.3662,0.0,0.658,0.969,0.0,1.1268,0.0
tool_magazine,C,replace,4.272600000000001,105414.17,8.23167,0.000904,0.014037,5.387169999999999,0.5740000000000001,9815.4,1.7491,0.0,0.0,0.0,0.0,0.5606,0.0,0.0,0.0,0.7165,0.3423,0.0,0.0,0.9041,0.0
tool_magazine,C,scrap,1.245,360.35,2.07697,0.006289,0.051154,1.54573,0.0,0.0,0.0,0.0,0.0,0.0,0.0,0.0,0.0903,0.0,0.0,0.0,0.0,0.0,0.4971,0.0,0.6576
tool_magazine,D,replace,4.3548,105445.99999999999,8.42969,0.00093,0.014375,5.5163199999999994,0.615,9815.4,1.7826,0.0,0.0,0.0,0.0,0.5641,0.0,0.0,0.0,0.7183,0.3594,0.0,0.0,0.9304,0.0
tool_magazine,D,scrap,1.2703,367.69,2.12035,0.006435,0.052272,1.57719,0.0,0.0,0.0,0.0,0.0,0.0,0.0,0.0,0.0956,0.0,0.0,0.0,0.0,0.0,0.4995,0.0,0.6752
turret,A,replace,3.8279,45241.79,7.15529,0.000798,0.013463000000000001,4.72591,0.42366000000000004,8236.9,1.7873,0.0,0.0,0.0,0.0,0.5128,0.0,0.0,0.0,0.4438,0.2856,0.0,0.0,0.7984,0.0
turret,A,reuse,6.082800000000001,1942.46,13.15692,0.024737,0.034284,8.75073,0.012549999999999999,189.046,2.3452,0.674,0.2745,0.0,0.0,0.0,0.5975,0.0,0.0,0.0,0.3184,0.8388,0.0,1.0344,0.0
turret,B,repair,37.2386,14301.19,218.80320999999998,0.179796,0.807425,145.53988,0.2059,2757.24,5.1862,2.431,0.0,6.902699999999999,0.0,0.0,2.2149,0.0,15.1721,0.0,1.3979,1.7496,0.0,2.1841999999999997,0.0
turret,B,replace,3.9126,45274.33,7.34305,0.000824,0.013815,4.8494,0.47834,8236.9,1.8251,0.0,0.0,0.0,0.0,0.5162,0.0,0.0,0.0,0.4453,0.3021,0.0,0.0,0.8239,0.0
turret,B,reuse,4.0123999999999995,1254.64,9.02464,0.02717,0.028196,6.03254,0.02656,189.046,1.346,0.7101,0.2789,0.0,0.0,0.0,0.3899,0.0,0.0,0.0,0.1971,0.4976,0.0,0.5928,0.0
turret,C,repair,39.725,15333.039999999999,240.37337,0.210174,0.954322,156.16892,0.26643,2757.24,5.324400000000001,2.5901,0.0,7.4483,0.0,0.0,2.3986,0.0,16.3273,0.0,1.4962,1.8691,0.0,2.271,0.0
turret,C,replace,4.0217,45316.15000000001,7.58445,0.000857,0.014265,5.00817,0.5740000000000001,8236.9,1.8738000000000001,0.0,0.0,0.0,0.0,0.5207,0.0,0.0,0.0,0.4472,0.3234,0.0,0.0,0.8566,0.0
turret,C,scrap,1.1118999999999999,317.35,1.7171500000000002,0.004154,0.034111,1.28944,0.0,0.0,0.0,0.0,0.0,0.0,0.0,0.0,0.0854,0.0,0.0,0.0,0.0,0.0,0.4313,0.0,0.5952
turret,D,replace,4.1185,45353.29000000001,7.79901,0.000886,0.014667,5.14932,0.615,8236.9,1.9169999999999998,0.0,0.0,0.0,0.0,0.5246,0.0,0.0,0.0,0.4488,0.3423,0.0,0.0,0.8858,0.0
turret,D,scrap,1.1402,325.37,1.76221,0.004275,0.03505,1.32246,0.0,0.0,0.0,0.0,0.0,0.0,0.0,0.0,0.0912,0.0,0.0,0.0,0.0,0.0,0.4339,0.0,0.6151
worktable,A,replace,4.3885000000000005,80205.33,8.63285,0.00087,0.014825999999999999,5.6395,0.42366000000000004,9791.279999999999,2.0293,0.0,0.0,0.0,0.0,0.5574,0.0,0.0,0.0,0.6156,0.3159,0.0,0.0,0.8703,0.0
worktable,A,reuse,6.7491,2202.02,15.7843,0.025974,0.036765,10.3904,0.01287,187.754,2.6641000000000004,0.7371,0.3067,0.0,0.0,0.0,0.6556,0.0,0.0,0.0,0.3524,0.9051,0.0,1.1280999999999999,0.0
worktable,B,repair,47.1818,18306.219999999998,314.92576,0.212756,1.027264,208.89927,0.21161,2737.952,5.8656,2.6304,0.0,10.1162,0.0,0.0,2.4009,0.0,20.4018,0.0,1.5304000000000002,1.8687,0.0,2.3678,0.0
worktable,B,replace,4.4653,80234.74,8.81665,0.000893,0.01514,5.7592,0.47834,9791.279999999999,2.0636,0.0,0.0,0.0,0.0,0.5605,0.0,0.0,0.0,0.6171,0.3308,0.0,0.0,0.8933,0.0
worktable,B,reuse,4.4157,1404.18,10.744489999999999,0.028125,0.029644999999999998,7.10859,0.02733,187.754,1.5227,0.7688,0.3106,0.0,0.0,0.0,0.4229,0.0,0.0,0.0,0.2159,0.5318,0.0,0.643,0.0
worktable,C,laser,48.1894,23069.030000000002,460.43809,0.224119,1.044323,276.7943,0.25697000000000003,2863.671,4.355499999999999,1.9625,0.0,6.0136,3.3248,0.0,1.6904,9.2291,16.1393,0.0,2.0975,1.6239,0.0,1.7528,0.0
worktable,C,repair,47.885200000000005,18612.52,322.86852,0.237035,1.1310930000000001,209.86473,0.27383,2737.952,5.991,2.7697,0.0,10.1162,0.0,0.0,2.5666,0.0,20.4018,0.0,1.6192,1.9745,0.0,2.4462,0.0
worktable,C,replace,4.5642,80272.53000000001,9.052990000000001,0.000923,0.015545,5.91308,0.5740000000000001,9791.279999999999,2.1077,0.0,0.0,0.0,0.0,0.5645,0.0,0.0,0.0,0.6191,0.35,0.0,0.0,0.9229,0.0
worktable,C,scrap,1.2423,376.31999999999994,2.07059,0.011096000000000002,0.09009800000000001,1.54116,0.0,0.0,0.0,0.0,0.0,0.0,0.0,0.0,0.0915,0.0,0.0,0.0,0.0,0.0,0.4971,0.0,0.6537
worktable,D,laser,49.6423,24077.120000000003,487.06458999999995,0.251666,1.152485,286.41985,0.17526,2863.671,4.4365000000000006,2.0503,0.0,6.0136,3.41,0.0,1.7875,10.1014,16.1393,0.0,2.1997,1.7012,0.0,1.8028,0.0
worktable,D,replace,4.652200000000001,80306.15000000001,9.26306,0.000949,0.015904,6.0498899999999995,0.615,9791.279999999999,2.1470000000000002,0.0,0.0,0.0,0.0,0.5681,0.0,0.0,0.0,0.6208,0.3671,0.0,0.0,0.9492,0.0
worktable,D,scrap,1.2671999999999999,384.04999999999995,2.1135599999999997,0.011353,0.092052,1.57232,0.0,0.0,0.0,0.0,0.0,0.0,0.0,0.0,0.0967,0.0,0.0,0.0,0.0,0.0,0.49939999999999996,0.0,0.6711
